SampleID,SubjectID,Visit,phenotype,Sex,Batch
SM0001,S001,0,1,Female,Batch1
SM0002,S001,1,1,Female,Batch1
SM0003,S001,3,1,Female,Batch2
SM0004,S001,6,1,Female,Batch2
SM0005,S002,0,1,Female,Batch1
SM0006,S002,1,1,Female,Batch1
SM0007,S002,3,1,Female,Batch2
SM0008,S002,6,1,Female,Batch2
SM0009,S003,0,1,Male,Batch1
SM0010,S003,1,1,Male,Batch1
SM0011,S003,3,1,Male,Batch2
SM0012,S003,6,1,Male,Batch2
SM0013,S004,0,1,Female,Batch1
SM0014,S004,1,1,Female,Batch1
SM0015,S004,3,1,Female,Batch2
SM0016,S004,6,1,Female,Batch2
SM0017,S005,0,1,Male,Batch1
SM0018,S005,1,1,Male,Batch1
SM0019,S005,3,1,Male,Batch2
SM0020,S005,6,1,Male,Batch2
SM0021,S006,0,1,Male,Batch1
SM0022,S006,1,1,Male,Batch1
SM0023,S006,6,1,Male,Batch2
SM0024,S007,0,1,Male,Batch1
SM0025,S007,1,1,Male,Batch1
SM0026,S007,3,1,Male,Batch2
SM0027,S007,6,1,Male,Batch2
SM0028,S008,0,1,Female,Batch1
SM0029,S008,3,1,Female,Batch2
SM0030,S008,6,1,Female,Batch2
SM0031,S009,0,1,Female,Batch1
SM0032,S009,1,1,Female,Batch1
SM0033,S009,3,1,Female,Batch2
SM0034,S009,6,1,Female,Batch2
SM0035,S010,0,1,Male,Batch1
SM0036,S010,3,1,Male,Batch2
SM0037,S010,6,1,Male,Batch2
SM0038,S011,0,1,Male,Batch1
SM0039,S011,1,1,Male,Batch1
SM0040,S011,3,1,Male,Batch2
SM0041,S011,6,1,Male,Batch2
SM0042,S012,0,1,Male,Batch1
SM0043,S012,1,1,Male,Batch1
SM0044,S012,3,1,Male,Batch2
SM0045,S012,6,1,Male,Batch2
SM0046,S013,0,1,Female,Batch1
SM0047,S013,1,1,Female,Batch1
SM0048,S013,3,1,Female,Batch2
SM0049,S013,6,1,Female,Batch2
SM0050,S014,0,1,Male,Batch1
SM0051,S014,1,1,Male,Batch1
SM0052,S014,3,1,Male,Batch2
SM0053,S014,6,1,Male,Batch2
SM0054,S015,0,1,Female,Batch1
SM0055,S015,1,1,Female,Batch1
SM0056,S015,3,1,Female,Batch2
SM0057,S016,0,1,Female,Batch1
SM0058,S016,1,1,Female,Batch1
SM0059,S016,3,1,Female,Batch2
SM0060,S016,6,1,Female,Batch2
SM0061,S017,0,1,Female,Batch1
SM0062,S017,1,1,Female,Batch1
SM0063,S017,3,1,Female,Batch2
SM0064,S017,6,1,Female,Batch2
SM0065,S018,0,1,Male,Batch1
SM0066,S018,1,1,Male,Batch1
SM0067,S018,3,1,Male,Batch2
SM0068,S018,6,1,Male,Batch2
SM0069,S019,0,1,Female,Batch1
SM0070,S019,1,1,Female,Batch1
SM0071,S019,3,1,Female,Batch2
SM0072,S019,6,1,Female,Batch2
SM0073,S020,0,1,Female,Batch1
SM0074,S020,1,1,Female,Batch1
SM0075,S020,3,1,Female,Batch2
SM0076,S020,6,1,Female,Batch2
SM0077,S021,0,1,Male,Batch1
SM0078,S021,1,1,Male,Batch1
SM0079,S022,0,1,Female,Batch1
SM0080,S022,1,1,Female,Batch1
SM0081,S022,3,1,Female,Batch2
SM0082,S022,6,1,Female,Batch2
SM0083,S023,0,1,Male,Batch1
SM0084,S023,1,1,Male,Batch1
SM0085,S023,3,1,Male,Batch2
SM0086,S023,6,1,Male,Batch2
SM0087,S024,0,1,Male,Batch1
SM0088,S024,1,1,Male,Batch1
SM0089,S024,3,1,Male,Batch2
SM0090,S024,6,1,Male,Batch2
SM0091,S025,0,1,Male,Batch1
SM0092,S025,1,1,Male,Batch1
SM0093,S025,3,1,Male,Batch2
SM0094,S025,6,1,Male,Batch2
SM0095,S026,0,1,Male,Batch1
SM0096,S026,1,1,Male,Batch1
SM0097,S026,3,1,Male,Batch2
SM0098,S026,6,1,Male,Batch2
SM0099,S027,0,1,Male,Batch1
SM0100,S027,1,1,Male,Batch1
SM0101,S027,3,1,Male,Batch2
SM0102,S027,6,1,Male,Batch2
SM0103,S028,0,1,Female,Batch1
SM0104,S028,1,1,Female,Batch1
SM0105,S028,3,1,Female,Batch2
SM0106,S028,6,1,Female,Batch2
SM0107,S029,0,1,Male,Batch1
SM0108,S029,1,1,Male,Batch1
SM0109,S029,3,1,Male,Batch2
SM0110,S029,6,1,Male,Batch2
SM0111,S030,0,1,Male,Batch1
SM0112,S030,1,1,Male,Batch1
SM0113,S030,6,1,Male,Batch2
SM0114,S031,0,1,Female,Batch1
SM0115,S031,1,1,Female,Batch1
SM0116,S031,6,1,Female,Batch2
SM0117,S032,0,1,Female,Batch1
SM0118,S032,1,1,Female,Batch1
SM0119,S032,3,1,Female,Batch2
SM0120,S033,0,1,Female,Batch1
SM0121,S033,1,1,Female,Batch1
SM0122,S033,3,1,Female,Batch2
SM0123,S033,6,1,Female,Batch2
SM0124,S034,0,1,Female,Batch1
SM0125,S034,1,1,Female,Batch1
SM0126,S034,3,1,Female,Batch2
SM0127,S034,6,1,Female,Batch2
SM0128,S035,0,1,Female,Batch1
SM0129,S035,1,1,Female,Batch1
SM0130,S035,3,1,Female,Batch2
SM0131,S036,0,1,Male,Batch1
SM0132,S036,1,1,Male,Batch1
SM0133,S036,3,1,Male,Batch2
SM0134,S036,6,1,Male,Batch2
SM0135,S037,0,1,Female,Batch1
SM0136,S037,1,1,Female,Batch1
SM0137,S037,3,1,Female,Batch2
SM0138,S037,6,1,Female,Batch2
SM0139,S038,0,1,Female,Batch1
SM0140,S038,1,1,Female,Batch1
SM0141,S038,3,1,Female,Batch2
SM0142,S039,0,1,Male,Batch1
SM0143,S039,1,1,Male,Batch1
SM0144,S039,3,1,Male,Batch2
SM0145,S039,6,1,Male,Batch2
SM0146,S040,0,1,Male,Batch1
SM0147,S041,0,0,Female,Batch1
SM0148,S041,1,0,Female,Batch1
SM0149,S041,3,0,Female,Batch2
SM0150,S041,6,0,Female,Batch2
SM0151,S042,0,0,Female,Batch1
SM0152,S042,1,0,Female,Batch1
SM0153,S042,3,0,Female,Batch2
SM0154,S042,6,0,Female,Batch2
SM0155,S043,0,0,Female,Batch1
SM0156,S043,1,0,Female,Batch1
SM0157,S043,3,0,Female,Batch2
SM0158,S043,6,0,Female,Batch2
SM0159,S044,0,0,Male,Batch1
SM0160,S044,1,0,Male,Batch1
SM0161,S044,3,0,Male,Batch2
SM0162,S044,6,0,Male,Batch2
SM0163,S045,0,0,Female,Batch1
SM0164,S045,1,0,Female,Batch1
SM0165,S045,3,0,Female,Batch2
SM0166,S045,6,0,Female,Batch2
SM0167,S046,0,0,Male,Batch1
SM0168,S046,3,0,Male,Batch2
SM0169,S046,6,0,Male,Batch2
SM0170,S047,0,0,Male,Batch1
SM0171,S047,1,0,Male,Batch1
SM0172,S047,3,0,Male,Batch2
SM0173,S047,6,0,Male,Batch2
SM0174,S048,0,0,Male,Batch1
SM0175,S048,3,0,Male,Batch2
SM0176,S048,6,0,Male,Batch2
SM0177,S049,0,0,Female,Batch1
SM0178,S049,1,0,Female,Batch1
SM0179,S049,3,0,Female,Batch2
SM0180,S049,6,0,Female,Batch2
SM0181,S050,0,0,Male,Batch1
SM0182,S050,1,0,Male,Batch1
SM0183,S050,3,0,Male,Batch2
SM0184,S050,6,0,Male,Batch2
SM0185,S051,0,0,Female,Batch1
SM0186,S051,1,0,Female,Batch1
SM0187,S051,3,0,Female,Batch2
SM0188,S051,6,0,Female,Batch2
SM0189,S052,0,0,Female,Batch1
SM0190,S052,1,0,Female,Batch1
SM0191,S052,3,0,Female,Batch2
SM0192,S052,6,0,Female,Batch2
SM0193,S053,0,0,Female,Batch1
SM0194,S053,1,0,Female,Batch1
SM0195,S053,3,0,Female,Batch2
SM0196,S053,6,0,Female,Batch2
SM0197,S054,0,0,Female,Batch1
SM0198,S054,1,0,Female,Batch1
SM0199,S054,3,0,Female,Batch2
SM0200,S054,6,0,Female,Batch2
SM0201,S055,0,0,Male,Batch1
SM0202,S055,1,0,Male,Batch1
SM0203,S055,3,0,Male,Batch2
SM0204,S055,6,0,Male,Batch2
SM0205,S056,0,0,Female,Batch1
SM0206,S056,1,0,Female,Batch1
SM0207,S056,3,0,Female,Batch2
SM0208,S056,6,0,Female,Batch2
SM0209,S057,0,0,Female,Batch1
SM0210,S057,1,0,Female,Batch1
SM0211,S057,3,0,Female,Batch2
SM0212,S058,0,0,Female,Batch1
SM0213,S058,1,0,Female,Batch1
SM0214,S058,3,0,Female,Batch2
SM0215,S058,6,0,Female,Batch2
SM0216,S059,0,0,Female,Batch1
SM0217,S059,1,0,Female,Batch1
SM0218,S059,3,0,Female,Batch2
SM0219,S059,6,0,Female,Batch2
SM0220,S060,0,0,Male,Batch1
SM0221,S060,1,0,Male,Batch1
SM0222,S060,3,0,Male,Batch2
SM0223,S060,6,0,Male,Batch2
SM0224,S061,0,0,Male,Batch1
SM0225,S061,1,0,Male,Batch1
SM0226,S061,3,0,Male,Batch2
SM0227,S061,6,0,Male,Batch2
SM0228,S062,0,0,Male,Batch1
SM0229,S062,1,0,Male,Batch1
SM0230,S062,3,0,Male,Batch2
SM0231,S062,6,0,Male,Batch2
SM0232,S063,0,0,Female,Batch1
SM0233,S063,1,0,Female,Batch1
SM0234,S063,3,0,Female,Batch2
SM0235,S063,6,0,Female,Batch2
SM0236,S064,0,0,Male,Batch1
SM0237,S064,1,0,Male,Batch1
SM0238,S064,3,0,Male,Batch2
SM0239,S065,0,0,Female,Batch1
SM0240,S065,1,0,Female,Batch1
SM0241,S065,3,0,Female,Batch2
SM0242,S065,6,0,Female,Batch2
SM0243,S066,0,0,Male,Batch1
SM0244,S066,1,0,Male,Batch1
SM0245,S066,3,0,Male,Batch2
SM0246,S066,6,0,Male,Batch2
SM0247,S067,0,0,Male,Batch1
SM0248,S067,3,0,Male,Batch2
SM0249,S067,6,0,Male,Batch2
SM0250,S068,0,0,Female,Batch1
SM0251,S068,1,0,Female,Batch1
SM0252,S068,3,0,Female,Batch2
SM0253,S069,0,0,Female,Batch1
SM0254,S069,1,0,Female,Batch1
SM0255,S069,3,0,Female,Batch2
SM0256,S070,0,0,Female,Batch1
SM0257,S070,1,0,Female,Batch1
SM0258,S070,3,0,Female,Batch2
SM0259,S070,6,0,Female,Batch2
SM0260,S071,0,0,Female,Batch1
SM0261,S071,1,0,Female,Batch1
SM0262,S071,3,0,Female,Batch2
SM0263,S071,6,0,Female,Batch2
SM0264,S072,0,0,Male,Batch1
SM0265,S072,1,0,Male,Batch1
SM0266,S072,3,0,Male,Batch2
SM0267,S072,6,0,Male,Batch2
SM0268,S073,0,0,Male,Batch1
SM0269,S073,3,0,Male,Batch2
SM0270,S073,6,0,Male,Batch2
SM0271,S074,0,0,Female,Batch1
SM0272,S074,1,0,Female,Batch1
SM0273,S074,6,0,Female,Batch2
SM0274,S075,0,0,Female,Batch1
SM0275,S075,1,0,Female,Batch1
SM0276,S075,3,0,Female,Batch2
SM0277,S075,6,0,Female,Batch2
SM0278,S076,0,0,Female,Batch1
SM0279,S076,1,0,Female,Batch1
SM0280,S076,3,0,Female,Batch2
SM0281,S076,6,0,Female,Batch2
SM0282,S077,0,0,Female,Batch1
SM0283,S077,1,0,Female,Batch1
SM0284,S077,3,0,Female,Batch2
SM0285,S077,6,0,Female,Batch2
SM0286,S078,0,0,Female,Batch1
SM0287,S078,1,0,Female,Batch1
SM0288,S078,3,0,Female,Batch2
SM0289,S078,6,0,Female,Batch2
SM0290,S079,0,0,Male,Batch1
SM0291,S079,1,0,Male,Batch1
SM0292,S079,3,0,Male,Batch2
SM0293,S079,6,0,Male,Batch2
SM0294,S080,0,0,Male,Batch1
SM0295,S080,1,0,Male,Batch1
SM0296,S080,3,0,Male,Batch2
SM0297,S080,6,0,Male,Batch2
